,id,Age,Academic Pressure,Work Pressure,CGPA,Study Satisfaction,Job Satisfaction,Work/Study Hours,Financial Stress,Depression
count,140700.0,140700.0,27897.0,112782.0,27898.0,27897.0,112790.0,140700.0,140696.0,140700.0
mean,70349.5,40.38862117981521,3.142273362727175,2.99899806706744,7.658636192558606,2.944940316163028,2.9744037591985104,6.252679459843639,2.988983339967021,0.18171286425017769
std,40616.73577480101,12.384099484075742,1.3804567794627103,1.4057708897808334,1.4644661498123233,1.360197498765313,1.416077771922106,3.8536145819287784,1.4136327711577932,0.38560907151481383
min,0.0,18.0,1.0,1.0,5.03,1.0,1.0,0.0,1.0,0.0
25%,35174.75,29.0,2.0,2.0,6.29,2.0,2.0,3.0,2.0,0.0
50%,70349.5,42.0,3.0,3.0,7.77,3.0,3.0,6.0,3.0,0.0
75%,105524.25,51.0,4.0,4.0,8.92,4.0,4.0,10.0,4.0,0.0
max,140699.0,60.0,5.0,5.0,10.0,5.0,5.0,12.0,5.0,1.0
